{
    "14200": {
        "target_position": -0.5,
        "rotated_mean_x": -0.0003289826541376401,
        "rotated_mean_y": 0.0027901040740532317,
        "rotated_sigma_x": 0.2210063664014406,
        "rotated_sigma_y": 0.03221899182368087,
        "rotation_angle_mrad": -0.0038620583370093157
    }
}
